{"cameraMode":{"drawMode":0,"name":"Shaded","section":"Shading Mode"},"sceneLighting":true,"audioPlay":false,"sceneViewState":{"m_AlwaysRefresh":false,"showFog":true,"showSkybox":true,"showFlares":true,"showImageEffects":true,"showParticleSystems":true,"showVisualEffectGraphs":true,"m_FxEnabled":true},"in2DMode":false,"pivot":{"x":-1.6684770584106446,"y":5.717547416687012,"z":9.043800354003907},"rotation":{"x":-0.021308576688170434,"y":0.9786202907562256,"z":-0.1545296609401703,"w":-0.13501231372356416},"size":1.2247449159622193,"orthographic":false}